Loai Phuong Tien,Bien So
Car,None
Truck,None
Car,None
Truck,None
Car,None
Truck,None
Car,None
Truck,None
Car,None
Truck,None
Car,None
Truck,None
Car,None
Truck,None
Car,None
Truck,None
Car,None
Truck,None
Car,None
Truck,None
Car,None
Truck,None
Car,None
Truck,None
Car,None
Truck,None
Car,None
Truck,None
Car,None
Truck,None
Car,None
Truck,None
Car,None
Truck,None
Car,None
Truck,None
Car,None
Truck,None
Car,None
Truck,None
Car,None
Truck,None
Car,None
Truck,None
Truck,None
Car,None
Truck,None
Truck,None
Truck,None
Truck,None
Truck,None
Truck,None
Truck,None
Truck,None
Truck,None
Truck,None
Truck,None
Car,None
Truck,None
Car,None
Car,None
Truck,None
Car,None
Truck,None
Car,None
Car,None
Car,None
Truck,None
Car,None
Car,None
Truck,None
Motorcycle,None
Car,None
Car,None
Truck,None
Motorcycle,None
Car,None
Car,None
Truck,None
Motorcycle,None
Car,None
Car,None
Truck,None
Motorcycle,None
Car,None
Car,None
Truck,None
Motorcycle,None
Car,None
Car,None
Truck,None
Motorcycle,None
Car,None
Car,None
Truck,None
Motorcycle,None
Motorcycle,None
Car,None
Truck,None
Car,None
Motorcycle,None
Car,None
Car,None
Truck,None
Motorcycle,None
Motorcycle,None
Car,None
Car,None
Truck,None
Motorcycle,None
Car,None
Truck,None
Car,None
Motorcycle,None
Car,None
Truck,None
Car,None
Motorcycle,None
Car,None
Truck,None
Car,None
Motorcycle,None
Car,None
Truck,None
Car,None
Motorcycle,None
Car,None
Truck,None
Car,None
Motorcycle,None
Car,None
Truck,None
Car,None
Motorcycle,None
Car,None
Truck,None
Car,None
Car,None
Truck,None
Car,None
Car,None
Car,None
Truck,None
Car,None
Truck,None
Car,None
Truck,None
Truck,None
Truck,None
Truck,None
Truck,None
Truck,None
Truck,None
Car,None
Truck,None
Truck,None
Car,None
Truck,None
Car,None
Truck,None
Truck,None
Truck,None
Truck,None
Car,None
Truck,None
Truck,None
Truck,None
Truck,None
Truck,None
Truck,None
Truck,None
Car,None
Truck,None
Truck,None
Truck,None
Truck,None
Car,None
Motorcycle,None
Bus,None
Truck,None
Truck,None
Bus,None
Car,None
Truck,None
Truck,None
Truck,None
Truck,None
Bus,None
Truck,None
Car,None
Car,None
Motorcycle,None
Truck,None
Truck,None
Car,None
Motorcycle,None
Car,None
Truck,None
Truck,None
Car,None
Motorcycle,None
Car,None
Bus,None
Truck,None
Car,None
Bus,None
Motorcycle,None
Truck,None
Car,None
Bus,None
Motorcycle,None
Car,None
Truck,None
Motorcycle,None
Bus,None
Car,None
Truck,None
Motorcycle,None
Truck,None
Truck,None
Car,None
Motorcycle,None
Truck,None
Bus,None
Car,None
Car,None
Truck,None
Motorcycle,None
Truck,None
Bus,None
Car,None
Car,None
Truck,None
Motorcycle,None
Truck,None
Car,None
Truck,None
Car,None
Bus,None
Truck,None
Bus,None
Car,None
Bus,None
Car,None
Truck,None
Truck,None
Car,None
Bus,None
Car,None
Car,None
Truck,None
Bus,None
Bus,None
Car,None
Car,None
Truck,None
Bus,None
Car,None
Car,None
Truck,None
Car,None
Bus,None
Car,None
Car,None
Truck,None
Bus,None
Car,None
Truck,None
Car,None
Car,None
Bus,None
Car,None
Truck,None
Car,None
Bus,None
Car,None
Truck,None
Car,None
Bus,None
Car,None
Car,None
Truck,None
Car,None
Bus,None
Truck,None
Car,None
Bus,None
Car,None
Truck,None
Car,None
Car,None
Bus,None
Car,None
Truck,None
Bus,None
Car,None
Truck,None
Car,None
Car,None
Bus,None
Car,None
Truck,None
Car,None
Car,None
Car,None
Car,None
Car,None
Car,None
Car,None
Car,None
Car,None
Car,None
Car,None
Motorcycle,None
Motorcycle,None
Motorcycle,None
Motorcycle,None
Motorcycle,None
Motorcycle,None
Motorcycle,None
Motorcycle,None
Car,None
Motorcycle,None
Car,None
Car,None
Car,None
Car,None
Car,None
Car,None
Car,None
Car,None
Car,None
Car,None
Car,None
Car,None
Car,None
Car,None
Car,None
Car,None
Motorcycle,None
Car,None
Motorcycle,None
Car,None
Motorcycle,None
Car,None
Motorcycle,None
Car,None
Motorcycle,None
Car,None
Motorcycle,None
Car,None
Car,None
Car,None
Car,None
Car,None
Car,None
Motorcycle,None
Motorcycle,None
Motorcycle,None
Motorcycle,None
Motorcycle,None
Motorcycle,None
Motorcycle,None
Motorcycle,None
Motorcycle,None
Motorcycle,None
Motorcycle,None
Motorcycle,None
Motorcycle,None
Motorcycle,None
Motorcycle,None
Motorcycle,None
Motorcycle,None
Motorcycle,None
Motorcycle,None
Motorcycle,None
Motorcycle,None
Motorcycle,None
Motorcycle,None
Motorcycle,None
Motorcycle,None
Motorcycle,None
Motorcycle,None
Motorcycle,None
Motorcycle,None
Motorcycle,None
Motorcycle,None
Motorcycle,None
Motorcycle,None
Motorcycle,None
Motorcycle,None
Motorcycle,None
Motorcycle,None
Motorcycle,None
Motorcycle,None
Motorcycle,None
Motorcycle,None
Motorcycle,None
Motorcycle,None
Motorcycle,None
Motorcycle,None
Motorcycle,None
Motorcycle,None
Motorcycle,None
Motorcycle,None
Motorcycle,None
Motorcycle,None
Motorcycle,None
Motorcycle,None
Motorcycle,None
Motorcycle,None
Motorcycle,None
Motorcycle,None
Motorcycle,None
Motorcycle,None
Motorcycle,None
Motorcycle,None
Motorcycle,None
Motorcycle,None
Motorcycle,None
Motorcycle,None
Motorcycle,None
Motorcycle,None
Motorcycle,None
Motorcycle,None
Motorcycle,None
Motorcycle,None
Car,None
Motorcycle,None
Car,None
Motorcycle,None
Car,None
Motorcycle,None
Car,None
Motorcycle,None
Car,None
Motorcycle,None
Car,None
Car,None
Motorcycle,None
Car,None
Car,None
Motorcycle,None
Car,None
Car,None
Motorcycle,None
Car,None
Car,None
Motorcycle,None
Car,None
Car,None
Car,None
Motorcycle,None
Car,None
Car,None
Car,None
Motorcycle,None
Car,None
Car,None
Car,None
Car,None
Car,None
Car,None
Car,None
Car,None
Car,None
Car,None
Car,None
Car,None
Car,None
Car,None
Car,None
Car,None
Car,None
Car,None
Car,None
Car,None
Car,None
Car,None
Car,None
Car,None
Car,None
Car,None
Car,None
Car,None
Car,None
Car,None
Car,None
Car,None
Car,None
Car,None
Car,None
Car,None
Car,None
Car,None
Car,None
Car,None
Car,None
Car,None
Car,None
Car,None
Car,None
Car,None
Car,None
Car,None
Car,None
Car,None
Car,None
Car,None
Car,None
Car,None
Car,None
Car,None
Car,None
Car,None
Car,None
Car,None
Motorcycle,None
Car,None
Car,None
Car,None
Car,None
Motorcycle,None
Car,None
Car,None
Motorcycle,None
Car,None
Car,None
Motorcycle,None
Car,None
Car,None
Motorcycle,None
Car,None
Car,None
Motorcycle,None
Car,None
Car,None
Motorcycle,None
Car,None
Car,None
Motorcycle,None
Car,None
Car,None
Motorcycle,None
Motorcycle,None
Car,None
Car,None
Motorcycle,None
Car,None
Car,None
Car,None
Car,None
Car,None
Car,None
Car,None
Car,None
Motorcycle,None
Car,None
Car,None
Motorcycle,None
Car,None
Car,None
Car,None
Car,None
Motorcycle,None
Car,None
Car,None
Motorcycle,None
Motorcycle,None
Motorcycle,None
Car,None
Car,None
Motorcycle,None
Car,None
Car,None
Motorcycle,None
Car,None
Motorcycle,None
Car,None
Motorcycle,None
Car,None
Car,None
Car,None
Motorcycle,None
Car,None
Car,None
Car,None
Motorcycle,None
Car,None
Car,None
Motorcycle,None
Car,None
Car,None
Motorcycle,None
Car,None
Motorcycle,None
Car,None
Motorcycle,None
Car,None
Motorcycle,None
Car,None
Motorcycle,None
Car,None
Motorcycle,None
Car,None
Motorcycle,None
Car,None
Motorcycle,None
Car,None
Motorcycle,None
Motorcycle,None
Car,None
Car,None
Car,None
Car,None
Car,None
Car,None
Car,None
Car,None
Car,None
Car,None
Car,None
Car,None
Motorcycle,None
Car,None
Car,None
Motorcycle,None
Car,None
Car,None
Motorcycle,None
Motorcycle,None
Car,None
Car,None
Motorcycle,None
Motorcycle,None
Car,None
Car,None
Motorcycle,None
Motorcycle,None
Car,None
Car,None
Motorcycle,None
Motorcycle,None
Car,None
Car,None
Motorcycle,None
Motorcycle,None
Car,None
Car,None
Motorcycle,None
Motorcycle,None
Car,None
Car,None
Motorcycle,None
Motorcycle,None
Car,None
Car,None
Motorcycle,None
Motorcycle,None
Car,None
Car,None
Motorcycle,None
Car,None
Car,None
Motorcycle,None
Motorcycle,None
Car,None
Car,None
Car,None
Car,None
Motorcycle,None
Car,None
Car,None
Car,None
Car,None
Motorcycle,None
Motorcycle,None
Car,None
Car,None
Motorcycle,None
Car,None
Car,None
Motorcycle,None
Motorcycle,None
Car,None
Car,None
Motorcycle,None
Motorcycle,None
Motorcycle,None
Car,None
Car,None
Motorcycle,None
Motorcycle,None
Motorcycle,None
Car,None
Car,None
Motorcycle,None
Motorcycle,None
Motorcycle,None
Car,None
Motorcycle,None
Motorcycle,None
Car,None
Motorcycle,None
Motorcycle,None
Car,None
Motorcycle,None
Motorcycle,None
Car,None
Motorcycle,None
Motorcycle,None
Car,None
Motorcycle,None
Motorcycle,None
Car,None
Motorcycle,None
Motorcycle,None
Car,None
Motorcycle,None
Car,None
Car,None
Car,None
Car,None
Motorcycle,None
Car,None
Motorcycle,None
Car,None
Motorcycle,None
Car,None
Motorcycle,None
Car,None
Motorcycle,None
Car,None
Motorcycle,None
Car,None
Motorcycle,None
Motorcycle,None
Motorcycle,None
Truck,None
Car,None
Truck,None
Motorcycle,None
Truck,None
Motorcycle,None
Truck,None
Motorcycle,None
Motorcycle,None
Truck,None
Motorcycle,None
Motorcycle,None
Truck,None
Motorcycle,None
Motorcycle,None
Motorcycle,None
Truck,None
Motorcycle,None
Car,None
Motorcycle,None
Motorcycle,None
Truck,None
Motorcycle,None
Car,None
Motorcycle,None
Motorcycle,None
Truck,None
Motorcycle,None
Car,None
Motorcycle,None
Truck,None
Motorcycle,None
Truck,None
Motorcycle,None
Motorcycle,None
Motorcycle,None
Motorcycle,None
Truck,None
Car,None
Motorcycle,None
Motorcycle,None
Truck,None
Car,None
Motorcycle,None
Car,None
Motorcycle,None
Truck,None
Motorcycle,None
Motorcycle,None
Motorcycle,None
Car,None
Truck,None
Motorcycle,None
Car,None
Truck,None
Truck,None
Motorcycle,None
Car,None
Truck,None
Motorcycle,None
Car,None
Truck,None
Motorcycle,None
Car,None
Truck,None
Motorcycle,None
Motorcycle,None
Car,None
Car,None
Truck,None
Motorcycle,None
Car,None
Truck,None
Motorcycle,None
Motorcycle,None
Car,None
Truck,None
Motorcycle,None
Car,None
Truck,None
Motorcycle,None
Car,None
Car,None
Truck,None
Motorcycle,None
Car,None
Car,None
Truck,None
Car,None
Motorcycle,None
Car,None
Truck,None
Car,None
Car,None
Truck,None
Car,None
Truck,None
Car,None
Truck,None
Car,None
Truck,None
Car,None
Truck,None
Car,None
Motorcycle,None
Car,None
Car,None
Truck,None
Car,None
Truck,None
Car,None
Motorcycle,None
Car,None
Truck,None
Motorcycle,None
Car,None
Truck,None
Car,None
Truck,None
Car,None
Truck,None
Truck,None
Car,None
Car,None
Truck,None
Motorcycle,None
Motorcycle,None
Car,None
Truck,None
Motorcycle,None
Car,None
Motorcycle,None
Car,None
Motorcycle,None
Truck,None
Car,None
Motorcycle,None
Truck,None
Motorcycle,None
Car,None
Car,None
Motorcycle,None
Motorcycle,None
Car,None
Car,None
Motorcycle,None
Motorcycle,None
Car,None
Car,None
Motorcycle,None
Car,None
Car,None
Motorcycle,None
Car,None
Car,None
Motorcycle,None
Car,None
Motorcycle,None
Truck,None
Motorcycle,None
Car,None
Truck,None
Car,None
Motorcycle,None
Motorcycle,None
Car,None
Truck,None
Motorcycle,None
Car,None
Truck,None
Motorcycle,None
Car,None
Car,None
Truck,None
Motorcycle,None
Car,None
Car,None
Truck,None
Motorcycle,None
Car,None
Car,None
Truck,None
Motorcycle,None
Car,None
Car,None
Car,None
Truck,None
Motorcycle,None
Car,None
Car,None
Truck,None
Motorcycle,None
Car,None
Car,None
Truck,None
Motorcycle,None
Car,None
Car,None
Car,None
Motorcycle,None
Car,None
Car,None
Car,None
Truck,None
Motorcycle,None
Car,None
Car,None
Car,None
Motorcycle,None
Car,None
Car,None
Car,None
Motorcycle,None
Car,None
Car,None
Car,None
Motorcycle,None
Car,None
Car,None
Car,None
Motorcycle,None
Car,None
Car,None
Car,None
Motorcycle,None
Car,None
Car,None
Car,None
Motorcycle,None
Car,None
Car,None
Car,None
Motorcycle,None
Motorcycle,None
Car,None
Car,None
Car,None
Motorcycle,None
Motorcycle,None
Car,None
Car,None
Car,None
Motorcycle,None
Motorcycle,None
Car,None
Car,None
Car,None
Motorcycle,None
Motorcycle,None
Car,None
Car,None
Car,None
Motorcycle,None
Motorcycle,None
Car,None
Car,None
Car,None
Motorcycle,None
Motorcycle,None
Car,None
Car,None
Car,None
Motorcycle,None
Motorcycle,None
Car,None
Car,None
Car,None
Motorcycle,None
Motorcycle,None
Car,None
Car,None
Car,None
Motorcycle,None
Motorcycle,None
Motorcycle,None
Car,None
Car,None
Car,None
Motorcycle,None
Motorcycle,None
Motorcycle,None
Car,None
Car,None
Car,None
Motorcycle,None
Motorcycle,None
Motorcycle,None
Car,None
Car,None
Motorcycle,None
Motorcycle,None
Car,None
Car,None
Motorcycle,None
Motorcycle,None
Car,None
Car,None
Motorcycle,None
Motorcycle,None
Motorcycle,None
Car,None
Car,None
Motorcycle,None
Motorcycle,None
Car,None
Car,None
Motorcycle,None
Motorcycle,None
Motorcycle,None
Car,None
Motorcycle,None
Motorcycle,None
Car,None
Motorcycle,None
Motorcycle,None
Car,None
Motorcycle,None
Motorcycle,None
Car,None
Motorcycle,None
Motorcycle,None
Car,None
Motorcycle,None
Motorcycle,None
Car,None
Car,None
Motorcycle,None
Car,None
Motorcycle,None
Car,None
Motorcycle,None
Car,None
Motorcycle,None
Car,None
Motorcycle,None
Car,None
Motorcycle,None
Car,None
Car,None
Motorcycle,None
Motorcycle,None
Car,None
Car,None
Motorcycle,None
Motorcycle,None
Car,None
Car,None
Motorcycle,None
Motorcycle,None
Car,None
Car,None
Motorcycle,None
Motorcycle,None
Car,None
Motorcycle,None
Motorcycle,None
Car,None
Motorcycle,None
Motorcycle,None
Car,None
Motorcycle,None
Motorcycle,None
Car,None
Motorcycle,None
Motorcycle,None
Car,None
Motorcycle,None
Motorcycle,None
Car,None
Motorcycle,None
Motorcycle,None
Car,None
Motorcycle,None
Motorcycle,None
Car,None
Motorcycle,None
Motorcycle,None
Car,None
Motorcycle,None
Motorcycle,None
Motorcycle,None
Car,None
Motorcycle,None
Motorcycle,None
Motorcycle,None
Car,None
Motorcycle,None
Motorcycle,None
Motorcycle,None
Car,None
Motorcycle,None
Motorcycle,None
Car,None
Motorcycle,None
Motorcycle,None
Motorcycle,None
Motorcycle,None
Motorcycle,None
Motorcycle,None
Motorcycle,None
Motorcycle,None
Motorcycle,None
Motorcycle,None
Motorcycle,None
Motorcycle,None
Motorcycle,None
Motorcycle,None
Motorcycle,None
Motorcycle,None
Motorcycle,None
Motorcycle,None
Motorcycle,None
Motorcycle,None
Motorcycle,None
Motorcycle,None
Motorcycle,None
Motorcycle,None
Motorcycle,None
Motorcycle,None
Motorcycle,None
Motorcycle,None
Motorcycle,None
Motorcycle,None
Motorcycle,None
Motorcycle,None
Motorcycle,None
Motorcycle,None
Motorcycle,None
Motorcycle,None
Motorcycle,None
Motorcycle,None
Motorcycle,None
Motorcycle,None
Motorcycle,None
Motorcycle,None
Motorcycle,None
Motorcycle,None
Motorcycle,None
Motorcycle,None
Motorcycle,None
Motorcycle,None
Motorcycle,None
Motorcycle,None
Motorcycle,None
Motorcycle,None
Motorcycle,None
Motorcycle,None
Motorcycle,None
Motorcycle,None
Motorcycle,None
Motorcycle,None
Motorcycle,None
Motorcycle,None
Motorcycle,None
Car,None
Motorcycle,None
Motorcycle,None
Motorcycle,None
Car,None
Motorcycle,None
Motorcycle,None
Motorcycle,None
Car,None
Motorcycle,None
Motorcycle,None
Car,None
Motorcycle,None
Motorcycle,None
Car,None
Motorcycle,None
Motorcycle,None
Motorcycle,None
Car,None
Motorcycle,None
Motorcycle,None
Motorcycle,None
Car,None
Motorcycle,None
Motorcycle,None
Motorcycle,None
Car,None
Motorcycle,None
Motorcycle,None
Car,None
Motorcycle,None
Car,None
Motorcycle,None
Car,None
Motorcycle,None
Car,None
Motorcycle,None
Car,None
Motorcycle,None
Car,None
Car,None
Motorcycle,None
Car,None
Motorcycle,None
Car,None
Motorcycle,None
Car,None
Motorcycle,None
Car,None
Motorcycle,None
Car,None
Car,None
Motorcycle,None
Car,None
Car,None
Motorcycle,None
Car,None
Car,None
Motorcycle,None
Car,None
Car,None
Motorcycle,None
Car,None
Motorcycle,None
Car,None
Motorcycle,None
Motorcycle,None
Car,None
Motorcycle,None
Motorcycle,None
Car,None
Motorcycle,None
Motorcycle,None
Car,None
Motorcycle,None
Motorcycle,None
Car,None
Motorcycle,None
Motorcycle,None
Car,None
Motorcycle,None
Motorcycle,None
Car,None
Motorcycle,None
Motorcycle,None
Car,None
Motorcycle,None
Motorcycle,None
Motorcycle,None
Motorcycle,None
Car,None
Motorcycle,None
Motorcycle,None
Motorcycle,None
Motorcycle,None
Car,None
Motorcycle,None
Motorcycle,None
Motorcycle,None
Motorcycle,None
Car,None
Motorcycle,None
Motorcycle,None
Motorcycle,None
Car,None
Motorcycle,None
Motorcycle,None
Car,None
Motorcycle,None
Motorcycle,None
Motorcycle,None
Car,None
Motorcycle,None
Motorcycle,None
Motorcycle,None
Car,None
Motorcycle,None
Motorcycle,None
Motorcycle,None
Car,None
Motorcycle,None
Motorcycle,None
Car,None
Motorcycle,None
Motorcycle,None
Car,None
Motorcycle,None
Motorcycle,None
Car,None
Motorcycle,None
Car,None
Motorcycle,None
